{
  "dice_mean": 0.3889411211013794,
  "iou_mean": 0.6110290050506592,
  "precision_mean": 0.7608837127685547,
  "recall_mean": 0.7590640664100647,
  "dice_per_image": [
    0.3978414535522461,
    0.39783960580825806,
    0.3836439251899719,
    0.3749462366104126,
    0.3904343843460083
  ],
  "iou_per_image": [
    0.6169652342796326,
    0.6383687853813171,
    0.5905361175537109,
    0.610948920249939,
    0.5983259677886963
  ]
}