{
  "dice_mean": 0.3490905284881592,
  "iou_mean": 0.5506484866142273,
  "precision_mean": 0.7320645809173584,
  "recall_mean": 0.6918832421302795,
  "dice_per_image": [
    0.36276960372924805,
    0.36004364490509033,
    0.34291088581085205,
    0.3387855291366577,
    0.34094297885894775
  ],
  "iou_per_image": [
    0.5519399046897888,
    0.5867733955383301,
    0.5385843515396118,
    0.5479910969734192,
    0.5279536843299866
  ]
}