{
  "dice_mean": 0.3547972798347473,
  "iou_mean": 0.5644352197647095,
  "precision_mean": 0.7010807633399964,
  "recall_mean": 0.745642900466919,
  "dice_per_image": [
    0.3692331910133362,
    0.36414241790771484,
    0.34682178497314453,
    0.34129059314727783,
    0.3524984121322632
  ],
  "iou_per_image": [
    0.5697633624076843,
    0.6020836234092712,
    0.5450594425201416,
    0.5541325807571411,
    0.5511370897293091
  ]
}