{
  "dice_mean": 0.380254065990448,
  "iou_mean": 0.6065150499343872,
  "precision_mean": 0.7378637313842773,
  "recall_mean": 0.775235366821289,
  "dice_per_image": [
    0.3878434896469116,
    0.39420729875564575,
    0.3735964298248291,
    0.3635530471801758,
    0.38207006454467773
  ],
  "iou_per_image": [
    0.6070887446403503,
    0.6399000883102417,
    0.585268497467041,
    0.6020671725273132,
    0.5982507467269897
  ]
}