{
  "dice_mean": 0.3778891205787659,
  "iou_mean": 0.6043569922447205,
  "precision_mean": 0.7653594970703125,
  "recall_mean": 0.7431785941123963,
  "dice_per_image": [
    0.38555222749710083,
    0.39117127656936646,
    0.3709064722061157,
    0.3616754412651062,
    0.38014018535614014
  ],
  "iou_per_image": [
    0.5993595123291016,
    0.6317691802978516,
    0.5837337970733643,
    0.6076104640960693,
    0.5993120074272156
  ]
}