{
  "dice_mean": 0.3841914772987366,
  "iou_mean": 0.6111882090568542,
  "precision_mean": 0.7542657971382141,
  "recall_mean": 0.7659471273422241,
  "dice_per_image": [
    0.3935444951057434,
    0.39342033863067627,
    0.3759267330169678,
    0.3719595670700073,
    0.3861062526702881
  ],
  "iou_per_image": [
    0.6156526803970337,
    0.6358213424682617,
    0.5910085439682007,
    0.6075966954231262,
    0.6058617830276489
  ]
}