{
  "dice_mean": 0.36864466667175294,
  "iou_mean": 0.5735239863395691,
  "precision_mean": 0.7618007063865662,
  "recall_mean": 0.7011771321296691,
  "dice_per_image": [
    0.3788588047027588,
    0.3760709762573242,
    0.3627943992614746,
    0.3563789129257202,
    0.3691202402114868
  ],
  "iou_per_image": [
    0.575200617313385,
    0.5949493646621704,
    0.5590044856071472,
    0.567333996295929,
    0.5711314678192139
  ]
}